{
  "accuracy": [
    0.2348586767911911,
    0.2651413083076477,
    0.2846567928791046,
    0.2893674373626709,
    0.3109017610549927,
    0.28734859824180603,
    0.312247633934021,
    0.2987886965274811,
    0.3048452138900757,
    0.3048452138900757,
    0.33580079674720764,
    0.24966353178024292,
    0.2738896310329437,
    0.28869447112083435,
    0.3041722774505615,
    0.3109017610549927,
    0.31763121485710144,
    0.318304181098938,
    0.3290713429450989,
    0.3526245057582855,
    0.3452220857143402,
    0.351951539516449,
    0.3815612494945526,
    0.36406460404396057,
    0.3707940876483917,
    0.3815612494945526,
    0.38694483041763306,
    0.3970390260219574,
    0.3849259614944458,
    0.4259757697582245,
    0.4226110279560089,
    0.4380888342857361,
    0.42934051156044006,
    0.41722744703292847,
    0.43135935068130493
  ],
  "val_accuracy": [
    0.3935309946537018,
    0.2749326229095459,
    0.2857142984867096,
    0.2749326229095459,
    0.2857142984867096,
    0.2938005328178406,
    0.3935309946537018,
    0.35579514503479004,
    0.2776280343532562,
    0.34501346945762634,
    0.342318058013916,
    0.3935309946537018,
    0.4420485198497772,
    0.21293801069259644,
    0.328840970993042,
    0.25876009464263916,
    0.2614555358886719,
    0.33423179388046265,
    0.33423179388046265,
    0.44474393129348755,
    0.4501347839832306,
    0.4959568679332733,
    0.6253369450569153,
    0.5768194198608398,
    0.6361185908317566,
    0.5902965068817139,
    0.5660377144813538,
    0.4959568679332733,
    0.35849055647850037,
    0.5444744229316711,
    0.42318058013916016,
    0.42048516869544983,
    0.3638814091682434,
    0.3207547068595886,
    0.37735849618911743
  ],
  "loss": [
    2.0918712615966797,
    1.8959821462631226,
    1.8162552118301392,
    1.7320516109466553,
    1.7098350524902344,
    1.7232774496078491,
    1.6485891342163086,
    1.6427404880523682,
    1.6229208707809448,
    1.634608507156372,
    1.5966641902923584,
    1.9756507873535156,
    1.8302596807479858,
    1.8256680965423584,
    1.791089415550232,
    1.738563060760498,
    1.7541534900665283,
    1.7565184831619263,
    1.6504358053207397,
    1.6599669456481934,
    1.6316653490066528,
    1.6209986209869385,
    1.5647375583648682,
    1.5989785194396973,
    1.5567280054092407,
    1.5541197061538696,
    1.5137269496917725,
    1.4961601495742798,
    1.5104411840438843,
    1.4682774543762207,
    1.4717636108398438,
    1.4294347763061523,
    1.4441595077514648,
    1.42060387134552,
    1.4294908046722412
  ],
  "val_loss": [
    1.6601619720458984,
    1.8891388177871704,
    2.5761570930480957,
    2.0477700233459473,
    2.7593369483947754,
    1.6123701333999634,
    3.683253288269043,
    1.9221118688583374,
    2.251580238342285,
    1.8655732870101929,
    1.8790347576141357,
    1.605122447013855,
    1.6987391710281372,
    1.7948318719863892,
    1.7428319454193115,
    1.7461097240447998,
    1.717808485031128,
    1.715842366218567,
    1.7111499309539795,
    1.5939387083053589,
    1.5946286916732788,
    1.5440492630004883,
    1.457643747329712,
    1.4261795282363892,
    1.3845323324203491,
    1.3755664825439453,
    1.3972222805023193,
    1.419440507888794,
    1.4845229387283325,
    1.2772639989852905,
    1.368720531463623,
    1.4156439304351807,
    1.434725284576416,
    1.3896163702011108,
    1.3653911352157593
  ]
}